0,nospec_no_specifier_test,1582993456,0
1,nospec_empty_string,1582993456,0
2,nospec_some_escaped_chars,1582993456,0
3,nospec_successive_5_5,1582993456,0
4,nospec_successive_2_9,1582993456,0
5,nospec_successive_8_3,1582993456,0
6,pct_basic,1583084286,1582993511
7,pct_5w,1583084286,1582993511
8,pct_5wlj,1583084286,1582993511
9,pct_5wzp,1583084286,1582993511
10,pct_5wljzp,1583084286,1582993511
11,nocrash_nullspec_basic,1582993456,0
12,nocrash_nullspec_5w,1582993456,0
13,nocrash_nullspec_5wzp,1582993456,0
14,nocrash_nullspec_5wzplj,1582993456,0
15,nocrash_nullspec_5wlj,0,1582993456
16,s_basic_string_expansion,1583084283,1582481989
17,s_only_string_expansion,1583084283,1582481989
18,s_two_string_expansions,1583084283,1582481989
19,s_two_string_expansions2,1583084283,1582481989
20,s_empty_string_expansion,1583084283,1582481989
21,s_full_then_empty_string,1583084283,1582481989
22,s_empty_then_full_string,1583084283,1582481989
23,s_three_strings,1583084283,1582481989
24,s_space_padded_field_width,1583084283,1582481989
25,s_space_padded_field_width2,1583084283,1582481989
26,s_space_padded_over_field_width,1583084283,1582481989
27,s_space_padded_field_width_lj,1583084283,1582481989
28,s_space_padded_field_width2_lj,1583084283,1582481989
29,s_space_padded_over_field_width_lj,1583084283,1582481989
30,s_string_prec_notrunc,1583084283,1582481989
31,s_string_prec_trunc,1583084283,1582481989
32,s_string_prec_default,1583084283,1582481989
33,s_string_prec_zero,1583084283,1582481989
34,s_two_strings_prec_2trunc,1583084283,1582481989
35,s_two_strings_prec_1trunc_a,1583084283,1582481989
36,s_two_strings_prec_1trunc_b,1583084283,1582481989
37,s_two_strings_prec_0trunc,1583084283,1582481989
38,s_string_prec_width_notrunc,1583084283,1582481989
39,s_string_prec_width_trunc,1583084283,1582481989
40,s_string_prec_width_notrunc_lj,1583084283,1582481989
41,s_string_prec_width_trunc_lj,1583084283,1582481989
42,s_two_s_prec_width_2fit_0trunc,1583084283,1582481989
43,s_two_s_prec_width_1fit_a_0trunc,1583084283,1582481989
44,s_two_s_prec_width_1fit_b_0trunc,1583084283,1582481989
45,s_two_s_prec_width_0fit_0trunc,1583084283,1582481989
46,s_two_s_prec_width_2fit_1trunc_a,1583084283,1582481989
47,s_two_s_prec_width_1fit_a_1trunc_a,1583084283,1582481989
48,s_two_s_prec_width_1fit_b_1trunc_a,1583084283,1582481989
49,s_two_s_prec_width_0fit_1trunc_a,1583084283,1582481989
50,s_two_s_prec_width_2fit_1trunc_b,1583084283,1582481989
51,s_two_s_prec_width_1fit_a_1trunc_b,1583084283,1582481989
52,s_two_s_prec_width_1fit_b_1trunc_b,1583084283,1582481989
53,s_two_s_prec_width_0fit_1trunc_b,1583084283,1582481989
54,s_two_s_prec_width_2fit_2trunc,1583084283,1582481989
55,s_two_s_prec_width_1fit_a_2trunc,1583084283,1582481989
56,s_two_s_prec_width_1fit_b_2trunc,1583084283,1582481989
57,s_two_s_prec_width_0fit_2trunc,1583084283,1582481989
58,s_two_s_prec_width_2trunc,1583084283,1582481989
59,s_two_strings_lj_and_rj,1583084283,1582481989
60,s_two_strings_rj_and_lj,1583084283,1582481989
61,s_null_basic_string_expansion,1583084283,1582482194
62,s_null_only_string_expansion,1583084283,1582482194
63,s_null_space_padded_field_width,1583084283,1582482309
64,s_null_space_padded_over_field_width,1583084283,1582482194
65,s_null_space_padded_field_width_lj,1583084283,1582482309
66,s_null_space_padded_field_width2_lj,1583084283,1582482309
67,s_null_space_padded_over_field_width_lj,1583084283,1582482194
68,s_null_string_prec_notrunc,1583084283,1582481989
69,s_null_string_prec_trunc,1583084283,1582481989
70,s_null_string_prec_default,1583084283,1582481989
71,s_null_string_prec_zero,1583084283,1582481989
72,s_basic_s_hidden,1583084283,1582481989
73,s_width_3_s_hidden,1583084283,1582481989
74,s_width_9_s_hidden,1583084283,1582481989
75,s_prec_no_width_s_hidden,1583084283,1582481989
76,s_prec_9_no_width_s_hidden,1583084283,1582481989
77,s_prec_03_no_width_s_hidden,1583084283,1582481989
78,s_prec_09_no_width_s_hidden,1583084283,1582481989
79,s_prec_03_no_width_s_null,1583084283,1582482309
80,s_prec_09_no_width_s_null,1583084283,1582482194
81,s_prec_00_no_width_s_nullchar,1583084283,1582481989
82,s_prec_01_no_width_s_nullchar,1583084283,1582481989
83,s_prec_03_no_width_s_nullchar,1583084283,1582481989
84,s_prec_09_no_width_s_nullchar,1583084283,1582481989
85,s_prec_0_width_3_s_hidden,1583084283,1582481989
86,s_prec_0_width_10_s_hidden,1583084283,1582481989
87,s_prec_0_width_3_s_null,1583084283,1582482309
88,s_prec_0_width_10_s_null,1583084283,1582482309
89,s_prec_0_width_1_s_nullchar,1583084283,1582481989
90,s_prec_0_width_2_s_nullchar,1583084283,1582481989
91,s_prec_0_width_9_s_nullchar,1583084283,1582481989
92,s_prec_0_lj_width_3_s_hidden,1583084283,1582481989
93,s_prec_0_lj_width_8_s_hidden,1583084283,1582481989
94,s_prec_0_lj_width_3_s_null,1583084283,1582482309
95,s_prec_0_lj_width_8_s_null,1583084283,1582482309
96,s_prec_0_lj_width_1_s_nullchar,1583084283,1582481989
97,s_prec_0_lj_width_2_s_nullchar,1583084283,1582481989
98,s_prec_0_lj_width_6_s_nullchar,1583084283,1582481989
99,s_prec_1_width_3_s_hidden,1583084283,1582481989
100,s_prec_1_width_10_s_hidden,1583084283,1582481989
101,s_prec_1_width_3_s_null,1583084283,1582482309
102,s_prec_1_width_9_s_null,1583084283,1582482309
103,s_prec_1_lj_width_3_s_hidden,1583084283,1582481989
104,s_prec_1_lj_width_10_s_hidden,1583084283,1582481989
105,s_prec_1_lj_width_3_s_null,1583084283,1582482309
106,s_prec_1_lj_width_9_s_null,1583084283,1582482309
107,s_prec_1_lj_width_3_s_nullchar,1583084283,1582481989
108,s_prec_1_lj_width_6_s_nullchar,1583084283,1582481989
109,s_prec_perfect_width_3_s_hidden,1583084283,1582481989
110,s_prec_perfect_width_20_s_hidden,1583084283,1582481989
111,s_prec_perfect_width_3_s_null,1583084283,1582482194
112,s_prec_perfect_width_20_s_null,1583084283,1582482309
113,s_prec_perfect_width_3_s_nullchar,1583084283,1582481989
114,s_prec_perfect_width_6_s_nullchar,1583084283,1582481989
115,s_prec_perfect_lj_width_3_s_hidden,1583084283,1582481989
116,s_prec_perfect_lj_width_20_s_hidden,1583084283,1582481989
117,s_prec_8_lj_width_3_s_hidden,1583084283,1582481989
118,s_prec_8_lj_width_10_s_hidden,1583084283,1582481989
119,s_prec_8_lj_width_3_s_null,1583084283,1582482194
120,s_prec_8_lj_width_10_s_null,1583084283,1582482309
121,s_prec_00_lj_s_hidden_trunc,1583084283,1582481989
122,s_prec_09_lj_s_hidden_notrunc,1583084283,1582481989
123,s_undefbehav_0_2zero,1583084283,1582481989
124,s_undefbehav_0_3zero,1583084283,1582481989
125,s_undefbehav_0_4zero,1583084283,1582481989
126,s_undefbehav_0_lj_2zero,1583084283,1582481989
127,s_undefbehav_0_zero_lj_zero,1583084283,1582481989
128,s_undefbehav_0_2zero_lj,1583084283,1582481989
129,s_undefbehav_0_width_3,1583084283,1582481989
130,s_undefbehav_0_width_9,1583084283,1582481989
131,s_undefbehav_lj_0_width_3,1583084283,1582481989
132,s_undefbehav_lj_0_width_9,1583084283,1582481989
133,i_basic_i_pos,1583001016,1582993456
134,i_basic_i_neg,0,1583001016
135,i_basic_i_zero,1583001016,1582993456
136,i_basic_i_onlypos,1583001016,1582993456
137,i_basic_i_onlyneg,0,1583001016
138,i_basic_i_onlyzero,1583001016,1582993456
139,d_basic_pos,1583088456,1583005007
140,d_basic_neg,1583088456,1583088420
141,d_basic_zero,1583088456,1583007047
142,i_intmax,0,1583001016
143,i_intmin,0,1583001016
144,i_width_pos_fits,1583001016,1582993456
145,i_width_neg_fits,0,1583001016
146,i_width_zero_fits,1583001016,1582993456
147,i_width_pos_exactfit,0,1583001016
148,i_width_neg_exactfit,0,1583001016
149,i_width_pos_nofit,1583001016,1582993456
150,i_width_neg_nofit,0,1583001016
151,i_width_pos_fits_lj,1583001016,1582993456
152,i_width_neg_fits_lj,0,1583001016
153,i_width_zero_fits_lj,1583001016,1582993456
154,i_width_pos_exactfit_lj,0,1583001016
155,i_width_neg_exactfit_lj,0,1583001016
156,i_width_pos_nofit_lj,1583001016,1582993456
157,i_width_neg_nofit_lj,0,1583001016
158,i_prec_fits_pos,0,1583001016
159,i_prec_fits_neg,0,1583001016
160,i_prec_fits_zero,0,1583001016
161,i_prec_exactfit_pos,1583001016,1582993456
162,i_prec_exactfit_neg,0,1583001016
163,i_prec_nofit_pos,0,1583001016
164,i_prec_nofit_neg,0,1583001016
165,i_zp_pos_fits,1583001016,1582993456
166,i_zp_neg_fits,0,1583001016
167,i_zp_zero_fits,1583001016,1582993456
168,i_zp_pos_exactfit,1583001016,1582993456
169,i_zp_neg_exactfit,0,1583001016
170,i_zp_neg_minus1fit,0,1583001016
171,i_prec_width_fit_fit_pos,1583001016,1582993456
172,i_prec_width_fit_fit_neg,0,1583001016
173,i_prec_width_fit_fit_zero,1583001016,1582993456
174,i_prec_width_nofit_fit_pos,1583001016,1582993456
175,i_prec_width_nofit_fit_neg,0,1583001016
176,i_prec_width_fit_nofit_pos,0,1583001016
177,i_prec_width_fit_nofit_neg,0,1583001016
178,i_prec_width_nofit_nofit_pos,1583001016,1582993456
179,i_prec_width_nofit_nofit_neg,0,1583001016
180,i_prec_width_fit_fit_pos_lj,0,1583001016
181,i_prec_width_fit_fit_neg_lj,0,1583001016
182,i_prec_width_fit_fit_zero_lj,0,1583001016
183,i_prec_width_nofit_fit_pos_lj,0,1583001016
184,i_prec_width_nofit_fit_neg_lj,0,1583001016
185,i_prec_width_fit_nofit_pos_lj,0,1583001016
186,i_prec_width_fit_nofit_neg_lj,0,1583001016
187,i_prec_width_nofit_nofit_pos_lj,1583001016,1582993456
188,i_prec_width_nofit_nofit_neg_lj,0,1583001016
189,i_prec_width_ff_pos_zp,1583001016,1582993456
190,i_prec_width_ff_neg_zp,0,1583001016
191,i_prec_width_ff_zero_zp,1583001016,1582993456
192,i_prec_width_nf_pos_zp,1583001016,1582993456
193,i_prec_width_nf_neg_zp,0,1583001016
194,i_prec_width_fn_pos_zp,0,1583001016
195,i_prec_width_fn_neg_zp,0,1583001016
196,i_prec_width_nn_pos_zp,1583001016,1582993456
197,i_prec_width_nn_neg_zp,0,1583001016
198,i_prec_width_ff_pos_lj_zp_ignoreflag,0,1583001016
199,i_prec_width_ff_neg_ljzp_ignoreflag,0,1583001016
200,i_prec_width_ff_zero_ljzp_ignoreflag,0,1583001016
201,i_prec_width_nf_pos_ljzp_ignoreflag,0,1583001016
202,i_prec_width_nf_neg_ljzp_ignoreflag,0,1583001016
203,i_prec_width_fn_pos_ljzp_ignoreflag,0,1583001016
204,i_prec_width_fn_neg_ljzp_ignoreflag,0,1583001016
205,i_prec_width_nn_pos_ljzp_ignoreflag,1583001016,1582993456
206,i_prec_width_nn_neg_ljzp_ignoreflag,0,1583001016
207,i_size_follows_i_i,0,1583001016
208,i_prec0val0_basic,0,1583001016
209,i_prec0val0_implicit,0,1583001016
210,i_prec0val0_w,0,1583001016
211,i_prec0val0_w_impl,0,1583001016
212,i_prec0val0_wlj,0,1583001016
213,i_prec0val0_wlj_impl,0,1583001016
214,d_basic_i_pos,1583088456,1583005007
215,d_basic_i_neg,1583088456,1583088420
216,d_basic_i_zero,1583088456,1583007047
217,d_basic_i_onlypos,1583088456,1583005007
218,d_basic_i_onlyneg,1583088456,1583088420
219,d_basic_i_onlyzero,1583088456,1583007047
220,d_intmax,1583088456,1583005007
221,d_intmin,1583088456,1583005007
222,d_width_pos_fits,1583088456,1583005007
223,d_width_neg_fits,1583088456,1583088420
224,d_width_zero_fits,1583088456,1583007047
225,d_width_pos_exactfit,1583088456,1583005007
226,d_width_neg_exactfit,1583088456,1583088420
227,d_width_pos_nofit,1583088456,1583005007
228,d_width_neg_nofit,1583088456,1583088420
229,d_width_pos_fits_lj,1583088456,1583007047
230,d_width_neg_fits_lj,1583088456,1583088420
231,d_width_zero_fits_lj,1583088456,1583007047
232,d_width_pos_exactfit_lj,1583088456,1583005007
233,d_width_neg_exactfit_lj,1583088456,1583088420
234,d_width_pos_nofit_lj,1583088456,1583005007
235,d_width_neg_nofit_lj,1583088456,1583088420
236,d_prec_fits_pos,1583088456,1583082086
237,d_prec_fits_neg,1583088456,1583088420
238,d_prec_fits_zero,1583088456,1583082086
239,d_prec_exactfit_pos,1583088456,1583005007
240,d_prec_exactfit_neg,1583088456,1583088420
241,d_prec_nofit_pos,1583088456,1583005007
242,d_prec_nofit_neg,1583088456,1583088420
243,d_zp_pos_fits,1583088456,1583005007
244,d_zp_neg_fits,0,1583088456
245,d_zp_zero_fits,1583088456,1583007047
246,d_zp_pos_exactfit,1583088456,1583005007
247,d_zp_neg_exactfit,1583088456,1583088420
248,d_zp_neg_minus1fit,1583088456,1583088420
249,d_prec_width_fit_fit_pos,1583088456,1583006990
250,d_prec_width_fit_fit_neg,1583088456,1583088420
251,d_prec_width_fit_fit_zero,1583088456,1583007047
252,d_prec_width_nofit_fit_pos,1583088456,1583005007
253,d_prec_width_nofit_fit_neg,1583088456,1583088420
254,d_prec_width_fit_nofit_pos,1583088456,1583005007
255,d_prec_width_fit_nofit_neg,1583088456,1583088420
256,d_prec_width_nofit_nofit_pos,1583088456,1583005007
257,d_prec_width_nofit_nofit_neg,1583088456,1583088420
258,d_prec_width_fit_fit_pos_lj,1583085095,1583088456
259,d_prec_width_fit_fit_neg_lj,0,1583088456
260,d_prec_width_fit_fit_zero_lj,1583085095,1583088456
261,d_prec_width_nofit_fit_pos_lj,1583088456,1583007047
262,d_prec_width_nofit_fit_neg_lj,1583088456,1583088420
263,d_prec_width_fit_nofit_pos_lj,1583085095,1583088456
264,d_prec_width_fit_nofit_neg_lj,0,1583088456
265,d_prec_width_nofit_nofit_pos_lj,1583088456,1583005007
266,d_prec_width_nofit_nofit_neg_lj,1583088456,1583088420
267,d_prec_width_ff_pos_zp,1583088456,1583006990
268,d_prec_width_ff_neg_zp,1583088456,1583088420
269,d_prec_width_ff_zero_zp,1583088456,1583007047
270,d_prec_width_nf_pos_zp,1583088456,1583005007
271,d_prec_width_nf_neg_zp,1583088456,1583088420
272,d_prec_width_fn_pos_zp,1583088456,1583005007
273,d_prec_width_fn_neg_zp,1583088456,1583088420
274,d_prec_width_nn_pos_zp,1583088456,1583005007
275,d_prec_width_nn_neg_zp,1583088456,1583088420
276,d_prec_width_ff_pos_lj_zp_ignoreflag,1583085095,1583088456
277,d_prec_width_ff_neg_ljzp_ignoreflag,0,1583088456
278,d_prec_width_ff_zero_ljzp_ignoreflag,1583085095,1583088456
279,d_prec_width_nf_pos_ljzp_ignoreflag,1583088456,1583007047
280,d_prec_width_nf_neg_ljzp_ignoreflag,1583088456,1583088420
281,d_prec_width_fn_pos_ljzp_ignoreflag,1583085095,1583088456
282,d_prec_width_fn_neg_ljzp_ignoreflag,0,1583088456
283,d_prec_width_nn_pos_ljzp_ignoreflag,1583088456,1583005007
284,d_prec_width_nn_neg_ljzp_ignoreflag,1583088456,1583088420
285,d_prec0val0_basic,1583088456,1583085095
286,d_prec0val0_implicit,1583088456,1583085095
287,d_prec0val0_w,1583088456,1583085095
288,d_prec0val0_w_impl,1583088456,1583085095
289,d_prec0val0_wlj,1583088456,1583085095
290,d_prec0val0_wlj_impl,1583088456,1583085095
291,u_basic_u_pos,1582397761,1582993456
292,u_basic_u_zero,0,1582993456
293,u_basic_u_onlypos,0,1582993456
294,u_uintmax,0,1582993456
295,u_width_pos_fits,0,1582993456
296,u_width_zero_fits,0,1582993456
297,u_width_pos_exactfit,0,1582993456
298,u_width_pos_nofit,0,1582993456
299,u_width_pos_fits_lj,0,1582993456
300,u_width_zero_fits_lj,0,1582993456
301,u_width_pos_exactfit_lj,0,1582993456
302,u_width_pos_nofit_lj,0,1582993456
303,u_prec_fits_pos,0,1582993456
304,u_prec_fits_zero,0,1582993456
305,u_prec_exactfit_pos,1582397761,1582993456
306,u_prec_nofit_pos,0,1582993456
307,u_zp_pos_fits,0,1582993456
308,u_zp_zero_fits,0,1582993456
309,u_zp_pos_exactfit,0,1582993456
310,u_prec_width_fit_fit_pos,0,1582993456
311,u_prec_width_fit_fit_zero,0,1582993456
312,u_prec_width_nofit_fit_pos,0,1582993456
313,u_prec_width_fit_nofit_pos,0,1582993456
314,u_prec_width_nofit_nofit_pos,0,1582993456
315,u_prec_width_fit_fit_pos_lj,0,1582993456
316,u_prec_width_fit_fit_zero_lj,0,1582993456
317,u_prec_width_nofit_fit_pos_lj,0,1582993456
318,u_prec_width_fit_nofit_pos_lj,0,1582993456
319,u_prec_width_nofit_nofit_pos_lj,0,1582993456
320,u_prec_width_ff_pos_zp,0,1582993456
321,u_prec_width_ff_zero_zp,0,1582993456
322,u_prec_width_nf_pos_zp,0,1582993456
323,u_prec_width_fn_pos_zp,0,1582993456
324,u_prec_width_nn_pos_zp,0,1582993456
325,u_prec_width_ff_pos_ljzp_ignoreflag,0,1582993456
326,u_prec_width_ff_zero_ljzp_ignoreflag,0,1582993456
327,u_prec_width_nf_pos_ljzp_ignoreflag,0,1582993456
328,u_prec_width_fn_pos_ljzp_ignoreflag,0,1582993456
329,u_prec_width_nn_pos_ljzp_ignoreflag,0,1582993456
330,u_prec0val0_basic,0,1582993456
331,u_prec0val0_implicit,0,1582993456
332,u_prec0val0_w,0,1582993456
333,u_prec0val0_w_impl,0,1582993456
334,u_prec0val0_wlj,0,1582993456
335,u_prec0val0_wlj_impl,0,1582993456
336,x_basic_pos,0,1582993456
337,x_basic_zero,0,1582993456
338,x_basic_onlypos,0,1582993456
339,x_hexlmax,0,1582993456
340,x_width_pos_fits,0,1582993456
341,x_width_zero_fits,0,1582993456
342,x_width_pos_exactfit,0,1582993456
343,x_width_pos_nofit,0,1582993456
344,x_width_pos_fits_lj,0,1582993456
345,x_width_zero_fits_lj,0,1582993456
346,x_width_pos_exactfit_lj,0,1582993456
347,x_width_pos_nofit_lj,0,1582993456
348,x_prec_fits_pos,0,1582993456
349,x_prec_fits_zero,0,1582993456
350,x_prec_exactfit_pos,0,1582993456
351,x_prec_nofit_pos,0,1582993456
352,x_zp_pos_fits,0,1582993456
353,x_zp_zero_fits,0,1582993456
354,x_zp_pos_exactfit,0,1582993456
355,x_prec_width_fit_fit_pos,0,1582993456
356,x_prec_width_fit_fit_zero,0,1582993456
357,x_prec_width_nofit_fit_pos,0,1582993456
358,x_prec_width_fit_nofit_pos,0,1582993456
359,x_prec_width_nofit_nofit_pos,0,1582993456
360,x_prec_width_fit_fit_pos_lj,0,1582993456
361,x_prec_width_fit_fit_zero_lj,0,1582993456
362,x_prec_width_nofit_fit_pos_lj,0,1582993456
363,x_prec_width_fit_nofit_pos_lj,0,1582993456
364,x_prec_width_nofit_nofit_pos_lj,0,1582993456
365,x_prec_width_ff_pos_zp,0,1582993456
366,x_prec_width_ff_zero_zp,0,1582993456
367,x_prec_width_nf_pos_zp,0,1582993456
368,x_prec_width_fn_pos_zp,0,1582993456
369,x_prec_width_nn_pos_zp,0,1582993456
370,x_prec_width_ff_pos_ljzp_ignoreflag,0,1582993456
371,x_prec_width_ff_zero_ljzp_ignoreflag,0,1582993456
372,x_prec_width_nf_pos_ljzp_ignoreflag,0,1582993456
373,x_prec_width_fn_pos_ljzp_ignoreflag,0,1582993456
374,x_prec_width_nn_pos_ljzp_ignoreflag,0,1582993456
375,x_prec0val0_basic,0,1582993456
376,x_prec0val0_implicit,0,1582993456
377,x_prec0val0_w,0,1582993456
378,x_prec0val0_w_impl,0,1582993456
379,x_prec0val0_wlj,0,1582993456
380,x_prec0val0_wlj_impl,0,1582993456
381,X_basic_hexu_pos,0,1582993456
382,X_basic_hexu_zero,0,1582993456
383,X_basic_hexu_onlypos,0,1582993456
384,X_hexumax,0,1582993456
385,X_width_pos_fits,0,1582993456
386,X_width_zero_fits,0,1582993456
387,X_width_pos_exactfit,0,1582993456
388,X_width_pos_nofit,0,1582993456
389,X_width_pos_fits_lj,0,1582993456
390,X_width_zero_fits_lj,0,1582993456
391,X_width_pos_exactfit_lj,0,1582993456
392,X_width_pos_nofit_lj,0,1582993456
393,X_prec_fits_pos,0,1582993456
394,X_prec_fits_zero,0,1582993456
395,X_prec_exactfit_pos,0,1582993456
396,X_prec_nofit_pos,0,1582993456
397,X_zp_pos_fits,0,1582993456
398,X_zp_zero_fits,0,1582993456
399,X_zp_pos_exactfit,0,1582993456
400,X_prec_width_fit_fit_pos,0,1582993456
401,X_prec_width_fit_fit_zero,0,1582993456
402,X_prec_width_nofit_fit_pos,0,1582993456
403,X_prec_width_fit_nofit_pos,0,1582993456
404,X_prec_width_nofit_nofit_pos,0,1582993456
405,X_prec_width_fit_fit_pos_lj,0,1582993456
406,X_prec_width_fit_fit_zero_lj,0,1582993456
407,X_prec_width_nofit_fit_pos_lj,0,1582993456
408,X_prec_width_fit_nofit_pos_lj,0,1582993456
409,X_prec_width_nofit_nofit_pos_lj,0,1582993456
410,X_prec_width_ff_pos_zp,0,1582993456
411,X_prec_width_ff_zero_zp,0,1582993456
412,X_prec_width_nf_pos_zp,0,1582993456
413,X_prec_width_fn_pos_zp,0,1582993456
414,X_prec_width_nn_pos_zp,0,1582993456
415,X_prec_width_ff_pos_ljzp_ignoreflag,0,1582993456
416,X_prec_width_ff_zero_ljzp_ignoreflag,0,1582993456
417,X_prec_width_nf_pos_ljzp_ignoreflag,0,1582993456
418,X_prec_width_fn_pos_ljzp_ignoreflag,0,1582993456
419,X_prec_width_nn_pos_ljzp_ignoreflag,0,1582993456
420,X_prec0val0_basic,0,1582993456
421,X_prec0val0_implicit,0,1582993456
422,X_prec0val0_w,0,1582993456
423,X_prec0val0_w_impl,0,1582993456
424,X_prec0val0_wlj,0,1582993456
425,X_prec0val0_wlj_impl,0,1582993456
426,p_null,1583084286,1582992156
427,p_null_width_fit,1583084286,1582993078
428,p_null_width_nofit,1583084286,1582992156
429,p_void,1583084286,1582992120
430,p_void_width_fit,1583084286,1582993051
431,p_void_width_nofit,1583084286,1582992120
432,p_ftfc_literal_9w_prec2_undefbehav,1582993595,1583084286
433,p_ftfc_literal_2w_prec9_undefbehav,1582993595,1583084286
434,p_ftfc_zero_prec5_undefbehav,1583084286,1582993051
435,p_ftfc_zero_prec0_undefbehav,1583084286,1582992120
436,p_ftfc_5w_throwswarning,1583084286,1582993078
437,p_basic,1583084286,1582992120
438,p_width_fit,1583084286,1582992120
439,p_width_nofit,1583084286,1582992120
440,p_width_16,1583084286,1582992120
441,p_width_8,1583084286,1582992120
442,p_width_32,1583084286,1582992120
443,p_width_fit_lj,1583084286,1582992120
444,p_width_nofit_lj,1583084286,1582992120
445,p_width_16_lj,1583084286,1582992120
446,p_width_8_lj,1583084286,1582992120
447,p_width_32_lj,1583084286,1582992120
448,c_allprintable_combined,1583084281,1582471953
449,c_1_31_combined,1583084281,1582471953
450,c_128_255_combined,1583084281,1582471953
451,c_allprintable_width,1583084281,1582473832
452,c_1_31_width,1583084281,1582473832
453,c_128_255_width,1583084281,1582473832
454,c_allprintable_width_lj,1583084281,1582479460
455,c_1_31_width_lj,1583084281,1582479460
456,c_128_255_width_lj,1583084281,1582479460
457,c_nullterm_basic,1583084281,1582402801
458,c_nullterm_5w,1583084281,1582473832
459,c_nullterm_5wlj,1583084281,1582479460
460,mix_successive_0,0,1582993456
461,mix_successive_4,0,1582993456
462,mix_successive_6,1582993456,1582397238
463,mix_successive_10,0,1582993456
464,mix_successive_16,0,1582993456
465,mix_successive_20,1582993456,1582485122
466,mix_successive_21,0,1582993456
467,mix_successive_28,0,1582993456
468,mix_successive_30,0,1582993456
469,mix_successive_31,0,1582993456
470,mix_successive_32,0,1582993456
471,mix_successive_39,0,1582993456
472,mix_successive_40,0,1582993456
473,mix_successive_42,0,1582993456
474,mix_successive_43,0,1582993456
475,mix_successive_45,1582993456,1582397238
476,mix_successive_46,0,1582993456
477,mix_successive_61,1582993456,1582485122
478,mix_successive_64,1582993456,1582397238
479,nocrash_noarg_1_notmandatory,1582993456,0
480,nocrash_noarg_2_notmandatory,1582993456,0
481,nocrash_noarg_3_notmandatory,1582993456,0
482,nocrash_noarg_4_notmandatory,1582993456,0
483,nocrash_noarg_5_notmandatory,1582993456,0
484,nocrash_noarg_6_notmandatory,1582993456,0
485,nocrash_noarg_9_notmandatory,1582993456,0
486,nocrash_noarg_10_notmandatory,1582993456,0
487,nocrash_noarg_11_notmandatory,1582993456,0
488,nocrash_noarg_12_notmandatory,1582993456,0
489,nocrash_noarg_13_notmandatory,1582993456,0
490,nocrash_noarg_14_notmandatory,1582993456,0
491,nocrash_noarg_15_notmandatory,1582993456,0
492,nocrash_noarg_16_notmandatory,1582993456,0
493,nocrash_noarg_17_notmandatory,1582993456,0
494,nocrash_noarg_19_notmandatory,1582993456,0
495,nocrash_noarg_20_notmandatory,1582993456,0
496,nocrash_noarg_21_notmandatory,1582993456,0
497,nocrash_noarg_22_notmandatory,1582993456,0
498,nocrash_noarg_24_notmandatory,1582993456,0
499,nocrash_noarg_25_notmandatory,1582993456,0
500,nocrash_nullarg_1,1582993456,0
501,nocrash_nullarg_2,1582993456,1582397238
502,nocrash_nullarg_3,1582993456,0
503,nocrash_nullarg_4,1582993456,0
504,nocrash_nullarg_5,1582993456,1582397238
505,nocrash_nullarg_6,1582993456,0
506,nocrash_nullarg_9,1582993456,1582397238
507,nocrash_nullarg_10,1582993456,1582397238
508,nocrash_nullarg_11,1582993456,0
509,nocrash_nullarg_12,1582993456,0
510,nocrash_nullarg_13,1582993456,0
511,nocrash_nullarg_14,1582993456,0
512,nocrash_nullarg_15,1582993456,0
513,nocrash_nullarg_16,1582993456,0
514,nocrash_nullarg_17,1582993456,0
515,nocrash_nullarg_18,1582993456,0
516,nocrash_nullarg_19,1582993456,0
517,nocrash_nullarg_20,1582993456,0
518,nocrash_nullarg_21,1582993456,0
519,nocrash_nullarg_22,1582993456,0
520,nocrash_nullarg_23,1582993456,1582397238
521,nocrash_nullarg_24,1582993456,0
522,nocrash_nullarg_25,1582993456,0
523,nocrash_mandatory_wformat_undefbehav_01,1582993456,0
524,nocrash_mandatory_wformat_undefbehav_02,1582993456,0
525,nocrash_mandatory_wformat_undefbehav_03,1582993456,0
526,nocrash_mandatory_wformat_undefbehav_04,1582993456,1582397238
527,nocrash_mandatory_wformat_undefbehav_05,1582993456,1582397238
528,nocrash_mandatory_wformat_undefbehav_06,1582993456,1582397238
529,nocrash_mandatory_wformat_undefbehav_07,1582993456,1582397238
530,nocrash_mandatory_wformat_undefbehav_38,1582993456,0
531,nocrash_mandatory_wformat_undefbehav_39,1582993456,0
532,nocrash_mandatory_dupflag_d_spsp,1582993456,0
533,nocrash_mandatory_dupflag_d_ljljw,1582993456,0
534,nocrash_mandatory_dupflag_x_afaf,1582993456,0
535,nocrash_mandatory_c_prec_1,1582993456,0
536,nocrash_mandatory_c_prec_2,1582993456,0
537,nocrash_mandatory_c_af,1582993456,0
538,nocrash_mandatory_c_zp_1,1582993456,0
539,nocrash_mandatory_c_zp_2,1582993456,0
540,nocrash_mandatory_c_sp_1,1582993456,0
541,nocrash_mandatory_c_sp_2,1582993456,0
542,nocrash_mandatory_c_size_hh,1582993456,0
543,nocrash_mandatory_c_size_h,1582993456,0
544,nocrash_mandatory_c_size_l,1582993456,0
545,nocrash_mandatory_c_size_ll,1582993456,0
546,nocrash_mandatory_c_size_L,1582993456,0
547,nocrash_mandatory_c_lj_nowidth,1582993456,0
548,nocrash_mandatory_s_af,1582993456,0
549,nocrash_mandatory_s_zp_1,1582993456,0
550,nocrash_mandatory_s_zp_2,1582993456,0
551,nocrash_mandatory_s_sp_1,1582993456,0
552,nocrash_mandatory_s_size_hh,1582993456,0
553,nocrash_mandatory_s_size_h,1582993456,0
554,nocrash_mandatory_s_size_l,1582993456,0
555,nocrash_mandatory_s_size_ll,1582993456,0
556,nocrash_mandatory_s_size_L,1582993456,0
557,nocrash_mandatory_s_lj_nowidth,1582993456,0
558,nocrash_mandatory_p_prec_1,1582993456,1582483410
559,nocrash_mandatory_p_prec_2,1582993456,1582483410
560,nocrash_mandatory_p_af,1582993456,0
561,nocrash_mandatory_p_zp_1,1582993456,0
562,nocrash_mandatory_p_zp_2,1582993456,0
563,nocrash_mandatory_p_sp_1,1582993456,0
564,nocrash_mandatory_p_sp_2,1582993456,0
565,nocrash_mandatory_p_size_hh,1582993456,0
566,nocrash_mandatory_p_size_h,1582993456,0
567,nocrash_mandatory_p_size_l,1582993456,0
568,nocrash_mandatory_p_size_ll,1582993456,0
569,nocrash_mandatory_p_size_L,1582993456,0
570,nocrash_mandatory_p_lj_nowidth,1582993456,0
571,nocrash_mandatory_d_size_L,1582993456,0
572,nocrash_mandatory_d_af,1582993456,0
573,nocrash_mandatory_d_size_hhh,1582993456,0
574,nocrash_mandatory_d_size_hhhh,1582993456,0
575,nocrash_mandatory_d_size_hhl,1582993456,0
576,nocrash_mandatory_d_size_hhll,1582993456,0
577,nocrash_mandatory_d_size_llh,1582993456,0
578,nocrash_mandatory_d_size_lll,1582993456,0
579,nocrash_mandatory_i_size_L,1582993456,0
580,nocrash_mandatory_i_af,1582993456,0
581,nocrash_mandatory_i_size_hhh,1582993456,0
582,nocrash_mandatory_i_lj_nowidth,1582993456,0
583,nocrash_mandatory_o_sp,1582993456,0
584,nocrash_mandatory_o_size_L,1582993456,0
585,nocrash_mandatory_o_size_hhh,1582993456,0
586,nocrash_mandatory_o_size_hhhh,1582993456,0
587,nocrash_mandatory_o_size_hhl,1582993456,0
588,nocrash_mandatory_o_size_hhll,1582993456,0
589,nocrash_mandatory_o_size_llh,1582993456,0
590,nocrash_mandatory_o_size_lll,1582993456,0
591,nocrash_mandatory_o_lj_nowidth,1582993456,0
592,nocrash_mandatory_u_size_L,1582993456,0
593,nocrash_mandatory_u_af,1582993456,0
594,nocrash_mandatory_u_sp,1582993456,0
595,nocrash_mandatory_u_size_hhh,1582993456,0
596,nocrash_mandatory_u_size_hhhh,1582993456,0
597,nocrash_mandatory_u_size_hhl,1582993456,0
598,nocrash_mandatory_u_size_hhll,1582993456,0
599,nocrash_mandatory_u_size_llh,1582993456,0
600,nocrash_mandatory_u_size_lll,1582993456,0
601,nocrash_mandatory_u_lj_nowidth,1582993456,0
602,nocrash_mandatory_x_size_L,1582993456,0
603,nocrash_mandatory_x_sp,1582993456,0
604,nocrash_mandatory_x_size_hhh,1582993456,0
605,nocrash_mandatory_x_size_hhhh,1582993456,0
606,nocrash_mandatory_x_size_hhl,1582993456,0
607,nocrash_mandatory_x_size_hhll,1582993456,0
608,nocrash_mandatory_x_size_llh,1582993456,0
609,nocrash_mandatory_x_size_lll,1582993456,0
610,nocrash_mandatory_X_size_L,1582993456,0
611,nocrash_mandatory_X_sp,1582993456,0
612,nocrash_mandatory_X_size_hhh,1582993456,0
613,nocrash_mandatory_X_size_llh,1582993456,0
614,nocrash_mandatory_x_lj_nowidth,1582993456,0
615,nocrash_mandatory_f_size_hh,1582993456,0
616,nocrash_mandatory_f_size_h,1582993456,0
617,nocrash_mandatory_f_size_ll,1582993456,0
618,nocrash_mandatory_f_size_lll,1582993456,0
619,nocrash_mandatory_f_size_llll,1582993456,0
620,nocrash_mandatory_f_size_LL,1582993456,0
621,nocrash_mandatory_f_size_Ll,1582993456,0
622,nocrash_mandatory_f_size_lL,1582993456,0
623,nocrash_mandatory_f_lj_nowidth,1582993456,0
624,moul_s_1,1582993456,1582397238
625,moul_s_2,1582993456,1582397238
626,moul_s_3,1582993456,1582397238
627,moul_s_4,1582993456,1582397238
628,moul_s_5_this_ones_a_doozy,1582993456,1582397238
629,moul_d_1,0,1582993456
630,moul_d_2,0,1582993456
631,moul_d_3,0,1582993456
632,moul_d_4,0,1582993456
633,moul_d_5,0,1582993456
634,moul_d_6,0,1582993456
635,moul_d_7,0,1582993456
636,moul_d_8,0,1582993456
637,moul_d_9,0,1582993456
638,moul_d_10,0,1582993456
639,moul_d_11,0,1582993456
640,moul_d_12,0,1582993456
641,moul_mix_1,0,1582993456
642,moul_c_1,1582993456,1582397238
643,moul_c_2,1582993456,1582397238
644,moul_c_3,1582993456,1582397238
645,moul_c_4,1582993456,1582397238
646,moul_c_5,1582993456,1582397238
647,moul_c_5b,1582993456,1582397238
648,moul_c_6,1582993456,1582397238
649,moul_c_7,1582993456,1582397238
650,moul_c_8,1582993456,1582397238
651,moul_c_9,1582993456,1582397238
652,moul_c_10,1582993456,1582397238
653,moul_c_11,1582993456,1582397238
654,moul_c_12,1582993456,1582397238
655,moul_c_13,1582993456,1582397238
656,moul_c_14,1582993456,1582397238
657,moul_c_15,1582993456,1582397238
658,moul_c_16,1582993456,1582397238
659,moul_c_17,1582993456,1582397238
660,moul_c_18,1582993456,1582397238
661,moul_c_19,1582993456,1582397238
662,moul_c_20,1582993456,1582397238
663,moul_c_21,1582993456,1582397238
664,moul_c_22,1582993456,1582397238
665,moul_c_23,1582993456,1582397238
666,moul_c_24,1582993456,1582397238
667,moul_c_25,1582993456,1582397238
668,moul_c_26,1582993456,1582397238
669,moul_c_27,1582993456,1582397238
670,moul_c_28,1582993456,1582397238
671,moul_i_1,0,1582993456
672,moul_i_2,0,1582993456
673,moul_i_3,0,1582993456
674,moul_i_4,0,1582993456
675,moul_i_5,0,1582993456
676,moul_i_6,0,1582993456
677,moul_i_7,0,1582993456
678,moul_i_8,0,1582993456
679,moul_i_9,0,1582993456
680,moul_i_10,0,1582993456
681,moul_i_11,0,1582993456
682,moul_i_12,0,1582993456
683,moul_u_1,0,1582993456
684,moul_u_2,0,1582993456
685,moul_u_3,0,1582993456
686,moul_u_4,0,1582993456
687,moul_u_5,0,1582993456
688,moul_u_6,0,1582993456
689,moul_u_7,0,1582993456
690,moul_u_8,0,1582993456
691,moul_u_9,0,1582993456
692,moul_u_10,0,1582993456
693,moul_u_11,0,1582993456
694,moul_u_12,0,1582993456
695,moul_x_1,0,1582993456
696,moul_x_2,0,1582993456
697,moul_x_3,0,1582993456
698,moul_x_4,0,1582993456
699,moul_x_5,0,1582993456
700,moul_x_6,0,1582993456
701,moul_x_7,0,1582993456
702,moul_x_8,0,1582993456
703,moul_x_9,0,1582993456
704,moul_x_10,0,1582993456
705,moul_x_11,0,1582993456
706,moul_x_12,0,1582993456
707,moul_prec_1,0,1582993456
708,moul_prec_3,0,1582993456
709,moul_prec_4,0,1582993456
710,moul_prec_5,0,1582993456
711,moul_zeropad_1,0,1582993456
712,moul_zeropad_2,0,1582993456
713,moul_zeropad_3,0,1582993456
714,moul_zeropad_4,0,1582993456
715,moul_leftjusty_1,0,1582993456
716,moul_leftjusty_2,0,1582993456
717,moul_leftjusty_3,0,1582993456
718,moul_leftjusty_4,0,1582993456
719,moul_leftjusty_5,0,1582993456
720,moul_leftjusty_6,0,1582993456
721,moul_leftjusty_7,0,1582993456
722,moul_notmandatory_star_1,0,1582993456
723,moul_notmandatory_star_3,0,1582993456
724,moul_notmandatory_star_4,0,1582993456
725,moul_notmandatory_star_5,0,1582993456
726,new2019_star_1,1582993456,1582397238
727,new2019_star_2,1582993456,1582397238
728,new2019_star_3,1582993456,1582397238
729,new2019_star_4,1582993456,1582397238
730,new2019_star_5,1582993456,1582397238
731,new2019_star_6,1582993456,1582397238
732,new2019_star_7,0,1582993456
733,new2019_star_8,0,1582993456
734,new2019_star_9,0,1582993456
735,new2019_star_10,0,1582993456
736,new2019_negstar_1,0,1582993456
737,new2019_negstar_2,0,1582993456
738,new2019_negstar_3,1582993456,1582397238
739,new2019_negstar_4,0,1582993456
740,new2019_negstar_5,0,1582993456
741,new2019_negstar_6,0,1582993456
742,new2019_negstar_7,0,1582993456
743,new2019_negstar_8,0,1582993456
744,new2019_negstar_9,0,1582993456
